{"mean": 3736.4285714285716, "std": 2363.077917652729}